,Epoch,Mean Train Loss,Mean Test Loss,Test Acc(%),Time Per Epoch(s)
0,1,2.2765523124097,2.240611533450473,65.19,14.867403268814087
1,2,2.1836246216475073,2.096104855750017,68.69,10.331717729568481
2,1,2.2724003197033524,2.23473535525571,64.39,10.351998805999756
3,2,2.173002243041992,2.0796929483960387,67.15,10.207894563674927
